{
    "best_parameters": {
        "n_estimators": 229,
        "max_depth": 23
    },
    "MSE": 52737.44033822985,
    "R2": 0.9625327965570436,
    "Accuracy": 96.25327965570436
}