Model,MSE,R2,Accuracy (%)
ALOA_RandomForest,49862.37363812262,0.9645753816403189,96.45753816403189
