Actual,Predicted
2712.89,2116.210848082599
253.2,349.0457227138643
3089.25,3094.786778761064
538.23,614.9403539823016
18.97,126.3192415622726
29.19,125.55416929088614
266.72,311.19623598820095
61.59,132.1831549630311
