{
    "best_parameters": {
        "n_estimators": 226,
        "max_depth": 7
    },
    "MSE": 49862.37363812262,
    "R2": 0.9645753816403189,
    "Accuracy": 96.45753816403189
}