Actual,Predicted
2712.89,2081.764242128283
253.2,356.9554662293491
3089.25,3172.3124849368355
538.23,607.68254436346
18.97,136.09966504402627
29.19,133.49429380392849
266.72,305.0624745059932
61.59,137.1122831139382
