Model,MSE,R2,Accuracy (%)
BA_RandomForest,56572.5570101632,0.959808145992791,95.9808145992791
