{
    "best_parameters": {
        "n_estimators": 245,
        "max_depth": 6
    },
    "MSE": 56572.5570101632,
    "R2": 0.959808145992791,
    "Accuracy": 95.9808145992791
}