Actual,Predicted
2712.89,2159.9847674418606
253.2,384.30581395348855
3089.25,2997.508558139536
538.23,652.114496124031
18.97,129.78028017718717
29.19,133.76872203765225
266.72,355.06245736434107
61.59,139.96347009966777
