Model,MSE,R2,Accuracy (%)
BA+ALOA Hybrid,47680.18989240591,0.9661257094875999,96.61257094876
