Model,MSE,R2,Accuracy (%)
AIS+CSA Hybrid,52342.69368945789,0.9628132434824748,96.28132434824748
