Actual,Predicted
2712.89,2097.276855895201
253.2,355.2081659388647
3089.25,3080.9995196506566
538.23,616.3471615720529
18.97,121.54196506550204
29.19,122.23615720523995
266.72,315.7081222707428
61.59,130.62275109170284
