Model,MSE,R2,Accuracy (%)
CSA_RandomForest,52737.44033822985,0.9625327965570436,96.25327965570436
