Model,MSE,R2,Accuracy (%)
GWO_RandomForest,51901.835902793755,0.9631264499687286,96.31264499687286
