{
    "best_parameters": {
        "n_estimators": 97,
        "max_depth": 6
    },
    "MSE": 51901.835902793755,
    "R2": 0.9631264499687286,
    "Accuracy": 96.31264499687286
}