Actual,Predicted
2712.89,2111.615279823269
253.2,372.76752700049116
3089.25,3081.781492881689
538.23,632.6229252577323
18.97,128.72112011127476
29.19,130.48708991981678
266.72,317.97832658321073
61.59,135.66683046964496
