Actual,Predicted
2712.89,2095.0836619718348
253.2,349.13981220657286
3089.25,3114.0403755868565
538.23,616.0843192488267
18.97,127.40070422535202
29.19,127.57572769953033
266.72,314.5499530516436
61.59,136.01028169014066
