{
    "best_parameters": {
        "n_estimators": 213,
        "max_depth": 15
    },
    "MSE": 53353.50354887172,
    "R2": 0.9620951157462421,
    "Accuracy": 96.2095115746242
}