Model,MSE,R2,Accuracy (%)
HSA_RandomForest,53353.50354887172,0.9620951157462421,96.2095115746242
