{
    "RandomForest": {
        "MSE": 57550.12482103557,
        "R2": 0.9591136349999492
    }
}