Actual,Predicted
2712.89,2099.691106194695
253.2,353.2475221238939
3089.25,3094.7340707964618
538.23,614.6981415929208
18.97,122.81730088495561
29.19,122.9980088495573
266.72,315.4094690265491
61.59,131.49592920353962
