{
    "best_parameters": {
        "n_estimators": 226,
        "max_depth": 17
    },
    "MSE": 52342.69368945789,
    "R2": 0.9628132434824748,
    "Accuracy": 96.28132434824748
}