Actual,Predicted
2712.89,2712.889999999992
253.2,253.1999999999989
3089.25,3089.250000000002
538.23,538.2299999999941
18.97,18.969999999977517
29.19,29.18999999998232
266.72,266.7200000000048
61.59,61.589999999981956
