{
    "best_parameters": {
        "n_estimators": 227,
        "max_depth": 11
    },
    "MSE": 52420.73666528489,
    "R2": 0.9627577980146278,
    "Accuracy": 96.27577980146278
}