Model,MSE,R2,Accuracy (%)
PSO_RandomForest,52420.73666528489,0.9627577980146278,96.27577980146278
