Actual,Predicted
2712.89,2099.497533039652
253.2,355.2187665198239
3089.25,3092.819603524231
538.23,615.517621145375
18.97,122.43859030836991
29.19,122.76189427312754
266.72,315.8271365638771
61.59,131.22237885462533
