Actual,Predicted
2712.89,2115.929773082945
253.2,346.11580594679197
3089.25,3104.6771455399085
538.23,615.2456338028175
18.97,130.74202838241575
29.19,129.93026155925455
266.72,310.98597496087683
61.59,136.42821505802496
