Model,MSE,R2,Accuracy (%)
QPSO_RandomForest,50170.760723152205,0.9643562886851076,96.43562886851076
