{
    "best_parameters": {
        "n_estimators": 213,
        "max_depth": 7
    },
    "MSE": 50170.760723152205,
    "R2": 0.9643562886851076,
    "Accuracy": 96.43562886851076
}