{
    "best_parameters": {
        "n_estimators": 251,
        "max_depth": 18
    },
    "MSE": 53090.60117706191,
    "R2": 0.9622818941827201,
    "Accuracy": 96.22818941827201
}