Actual,Predicted
2712.89,2097.2056175298853
253.2,353.06565737051784
3089.25,3132.0891633466144
538.23,620.3028286852594
18.97,123.15820717131456
29.19,123.38705179282842
266.72,316.43828685258995
61.59,131.68338645418302
