Model,MSE,R2,Accuracy (%)
WOA_RandomForest,53090.60117706191,0.9622818941827201,96.22818941827201
